Order Tracker,,,,,,,,,,,,,,,,,,,,,,
,,,,,,,,,,,,,,,,,,,,,,
Security,Side,Order Qty,Order Price,Order Value,Order Status,Remaining Qty,Reject Reason,Contra Broker,Account ID,Last Filled Quantity,Filled Qty,TIF,Expiry Date,Disclose Qty,Minimum Qty,Order Date and Time,Client Order Id,Last Change Time,Execution Id,Trader Report Id,Exchange Order Id,Exchange
DOCK.N0000,BUY,200,130.50,"26,100.00",CANCELED,0,Cancelled by Owner,,CAS/92390-LI/0,0,0,DAY,,0,0,2026-06-02 09:01:33.0,92390LI0-woeJgWPVR,2026-06-02 14:31:33,E0RXq6GGAPV7,,O0RXqB6IjlqN,CSE
DOCK.N0000,BUY,0,0.00,0.00,P.CHANGE,0,,,CAS/92390-LI/0,0,0,,,0,0,2026-06-02 14:29:10.0,92390LI0-woeJgWPVR,2026-06-02 14:31:33,,,O0RXqB6IjlqN,CSE
DOCK.N0000,BUY,200,130.50,"26,100.00",NEW,200,,,CAS/92390-LI/0,0,0,DAY,,200,0,2026-06-02 08:59:28.0,92390LI0-wok09KmuD,2026-06-02 14:29:28,E0RXq6GGAPPX,,O0RXqB6IjlqN,CSE
DOCK.N0000,BUY,200,130.50,"26,100.00",P.CHANGE,200,,,CAS/92390-LI/0,0,0,DAY,2026-06-02,200,0,2026-06-02 14:29:10.0,92390LI0-wok09KmuD,2026-06-02 14:29:28,,,O0RXqB6IjlqN,CSE
DOCK.N0000,BUY,200,131.00,"26,200.00",NEW,200,,,CAS/92390-LI/0,0,0,DAY,,200,0,2026-06-02 08:59:10.0,92390LI0-wo8VDUjbu,2026-06-02 14:29:10,E0RXq6GGAPKu,,O0RXqB6IjlqN,CSE
CFI.N0000,BUY,10,390.00,"3,900.00",EXPIRED,0,Expired (end of day),,CAS/92390-LI/0,0,0,DAY,,0,0,2026-06-01 09:20:33.0,92390LI0-woURiAEXw,2026-06-01 14:50:38,E0RX7S8Uwn5O,,O0RX7WyXW6hG,CSE
CFI.N0000,BUY,10,390.00,"3,900.00",NEW,10,,,CAS/92390-LI/0,0,0,DAY,,10,0,2026-06-01 08:22:00.0,92390LI0-woURiAEXw,2026-06-01 13:52:00,E0RX7S8UwjbF,,O0RX7WyXW6hG,CSE
VONE.N0000,BUY,100,97.20,"9,720.00",FILLED,0,,MSB,CAS/92390-LI/0,100,100,DAY,,0,0,2026-05-29 05:58:01.0,92390LI0-woYz2mmA9,2026-05-29 11:28:02,E0RUwQ0dE0xg,,O0RUwUqfnLpB,CSE
VONE.N0000,BUY,100,97.20,"9,720.00",NEW,100,,,CAS/92390-LI/0,0,0,DAY,,100,0,2026-05-29 03:30:17.0,92390LI0-woYz2mmA9,2026-05-29 09:00:17,E0RUwQ0dDoBZ,,O0RUwUqfnLpB,CSE
VONE.N0000,BUY,100,97.20,"9,720.00",QUEUED,100,,,CAS/92390-LI/0,0,0,DAY,2026-05-29,100,0,2026-05-28 13:40:05.0,92390LI0-woYz2mmA9,2026-05-28 13:40:05,,,-,CSE
SAMP.N0000,BUY,100,141.00,"14,100.00",EXPIRED,0,Expired (end of day),,CAS/92390-LI/0,0,0,DAY,,0,0,2026-05-21 09:20:22.0,92390LI0-woX9szV76,2026-05-21 14:50:24,E0RP9DBSV6ko,,O0RP9I1V4K9N,CSE
CARG.N0000,BUY,8,675.00,"5,400.00",EXPIRED,0,Expired (end of day),,CAS/92390-LI/0,0,0,DAY,,0,0,2026-05-21 09:20:22.0,92390LI0-woj713ULf,2026-05-21 14:50:24,E0RP9DBSV4oQ,,O0RP9I1V4KE5,CSE
SLTL.N0000,BUY,200,82.00,"16,400.00",EXPIRED,0,Expired (end of day),,CAS/92390-LI/0,0,0,DAY,,0,0,2026-05-21 09:20:22.0,92390LI0-worldTbBn,2026-05-21 14:50:24,E0RP9DBSV76S,,O0RP9I1V4KGI,CSE
HNB.X0000,BUY,50,325.50,"16,275.00",FILLED,0,,MSB,CAS/92390-LI/0,50,50,DAY,,0,0,2026-05-21 06:36:59.0,92390LI0-wo8bIJmHG,2026-05-21 12:06:59,E0RP9DBSUv4t,,O0RP9I1V4KC0,CSE
SLTL.N0000,BUY,200,82.00,"16,400.00",NEW,200,,,CAS/92390-LI/0,0,0,DAY,,200,0,2026-05-21 06:29:47.0,92390LI0-worldTbBn,2026-05-21 11:59:47,E0RP9DBSUuYd,,O0RP9I1V4KGI,CSE
CARG.N0000,BUY,8,675.00,"5,400.00",NEW,8,,,CAS/92390-LI/0,0,0,DAY,,8,0,2026-05-21 06:28:36.0,92390LI0-woj713ULf,2026-05-21 11:58:36,E0RP9DBSUuT3,,O0RP9I1V4KE5,CSE
HNB.X0000,BUY,50,325.50,"16,275.00",NEW,50,,,CAS/92390-LI/0,0,0,DAY,,50,0,2026-05-21 06:27:26.0,92390LI0-wo8bIJmHG,2026-05-21 11:57:26,E0RP9DBSUuOG,,O0RP9I1V4KC0,CSE
SAMP.N0000,BUY,100,141.00,"14,100.00",NEW,100,,,CAS/92390-LI/0,0,0,DAY,,100,0,2026-05-21 06:26:09.0,92390LI0-woX9szV76,2026-05-21 11:56:09,E0RP9DBSUuIw,,O0RP9I1V4K9N,CSE
SAMP.N0000,BUY,200,141.25,"28,250.00",EXPIRED,0,Expired (end of day),,CAS/92390-LI/0,0,0,DAY,,0,0,2026-05-20 09:23:56.0,92390LI0-woxowO8sf,2026-05-20 14:54:07,E0ROQijmR0c7,,O0ROQnZp07VU,CSE
DOCK.N0000,BUY,100,126.75,"12,675.00",EXPIRED,0,Expired (end of day),,CAS/92390-LI/0,0,0,DAY,,0,0,2026-05-20 09:23:56.0,92390LI0-woTonTeqo,2026-05-20 14:54:06,E0ROQijmQz1z,,O0ROQnZp07PI,CSE
HNB.X0000,BUY,50,328.25,"16,412.50",EXPIRED,0,Expired (end of day),,CAS/92390-LI/0,0,0,DAY,,0,0,2026-05-20 09:23:56.0,92390LI0-woykMEMXz,2026-05-20 14:54:06,E0ROQijmQzKW,,O0ROQnZp07Ro,CSE
SAMP.N0000,BUY,200,141.25,"28,250.00",NEW,200,,,CAS/92390-LI/0,0,0,DAY,,200,0,2026-05-20 08:08:57.0,92390LI0-woxowO8sf,2026-05-20 13:38:57,E0ROQijmQsdG,,O0ROQnZp07VU,CSE
HNB.X0000,BUY,50,328.25,"16,412.50",NEW,50,,,CAS/92390-LI/0,0,0,DAY,,50,0,2026-05-20 08:07:10.0,92390LI0-woykMEMXz,2026-05-20 13:37:10,E0ROQijmQsUY,,O0ROQnZp07Ro,CSE
DOCK.N0000,BUY,100,126.75,"12,675.00",NEW,100,,,CAS/92390-LI/0,0,0,DAY,,100,0,2026-05-20 08:05:59.0,92390LI0-woTonTeqo,2026-05-20 13:35:59,E0ROQijmQsOK,,O0ROQnZp07PI,CSE
HAYL.N0000,BUY,100,235.00,"23,500.00",EXPIRED,0,Expired (end of day),,CAS/92390-LI/0,0,0,DAY,,0,0,2026-05-18 09:19:01.0,92390LI0-woc5v1Bac,2026-05-18 14:49:10,E0RMxi1LKhU8,,O0RMxmrNtlBe,CSE
DOCK.N0000,BUY,100,129.50,"12,950.00",EXPIRED,0,Expired (end of day),,CAS/92390-LI/0,0,0,DAY,,0,0,2026-05-18 09:19:01.0,92390LI0-wokARFEgZ,2026-05-18 14:49:10,E0RMxi1LKhIr,,O0RMxmrNtmck,CSE
CARG.N0000,BUY,8,685.00,"5,480.00",EXPIRED,0,Expired (end of day),,CAS/92390-LI/0,0,0,DAY,,0,0,2026-05-18 09:19:01.0,92390LI0-woOW2vqyd,2026-05-18 14:49:04,E0RMxi1LKgjq,,O0RMxmrNtl1k,CSE
BREW.N0000,BUY,5,"2,500.00","12,500.00",EXPIRED,0,Expired (end of day),,CAS/92390-LI/0,0,0,DAY,,0,0,2026-05-18 09:19:01.0,92390LI0-woysJPWRK,2026-05-18 14:49:03,E0RMxi1LKghh,,O0RMxmrNtmhW,CSE
BREW.N0000,BUY,5,"2,600.00","13,000.00",EXPIRED,0,Expired (end of day),,CAS/92390-LI/0,0,0,DAY,,0,0,2026-05-18 09:19:01.0,92390LI0-wose6lj3j,2026-05-18 14:49:02,E0RMxi1LKghg,,O0RMxmrNtmgM,CSE
BREW.N0000,BUY,5,"2,500.00","12,500.00",NEW,5,,,CAS/92390-LI/0,0,0,DAY,,5,0,2026-05-18 08:56:53.0,92390LI0-woysJPWRK,2026-05-18 14:26:53,E0RMxi1LKfPy,,O0RMxmrNtmhW,CSE
BREW.N0000,BUY,5,"2,600.00","13,000.00",NEW,5,,,CAS/92390-LI/0,0,0,DAY,,5,0,2026-05-18 08:56:34.0,92390LI0-wose6lj3j,2026-05-18 14:26:34,E0RMxi1LKfMW,,O0RMxmrNtmgM,CSE
DOCK.N0000,BUY,100,129.50,"12,950.00",NEW,100,,,CAS/92390-LI/0,0,0,DAY,,100,0,2026-05-18 08:55:43.0,92390LI0-wokARFEgZ,2026-05-18 14:25:43,E0RMxi1LKfCP,,O0RMxmrNtmck,CSE
DOCK.N0000,BUY,100,229.50,"22,950.00",REJECTED,0,Price exceeds current price band,,CAS/92390-LI/0,0,0,DAY,,0,0,2026-05-18 08:53:53.0,92390LI0-woLIPh7Qh,2026-05-18 14:23:53,E0RMxi1LKemE,,O0RMxmrNtmVS,CSE
JETS.N0000,SELL,500,14.30,"7,150.00",FILLED,0,,BMS,CAS/92390-LI/0,500,500,DAY,,0,0,2026-05-18 08:44:16.0,92390LI0-wo1bo6IbJ,2026-05-18 14:14:16,E0RMxi1LKdNd,,O0RMxmrNtlKz,CSE
DOCK.N0000,BUY,100,130.00,"13,000.00",FILLED,0,,FWS,CAS/92390-LI/0,100,100,DAY,,0,0,2026-05-18 08:43:57.0,92390LI0-wo2AoabIL,2026-05-18 14:13:57,E0RMxi1LKdM4,,O0RMxmrNtlh5,CSE
DOCK.N0000,BUY,100,130.00,"13,000.00",NEW,100,,,CAS/92390-LI/0,0,0,DAY,,100,0,2026-05-18 08:38:53.0,92390LI0-wo2AoabIL,2026-05-18 14:08:53,E0RMxi1LKcjK,,O0RMxmrNtlh5,CSE
DOCK.N0000,BUY,100,131.00,"13,100.00",FILLED,0,,BMS,CAS/92390-LI/0,100,100,DAY,,0,0,2026-05-18 08:32:08.0,92390LI0-woilnY53W,2026-05-18 14:02:08,E0RMxi1LKbqM,,O0RMxmrNtkzJ,CSE
JETS.N0000,SELL,500,14.30,"7,150.00",NEW,500,,,CAS/92390-LI/0,0,0,DAY,,500,0,2026-05-18 08:31:36.0,92390LI0-wo1bo6IbJ,2026-05-18 14:01:36,E0RMxi1LKbmd,,O0RMxmrNtlKz,CSE
HAYL.N0000,BUY,100,235.00,"23,500.00",NEW,100,,,CAS/92390-LI/0,0,0,DAY,,100,0,2026-05-18 08:28:45.0,92390LI0-woc5v1Bac,2026-05-18 13:58:45,E0RMxi1LKbML,,O0RMxmrNtlBe,CSE
CARG.N0000,BUY,8,685.00,"5,480.00",NEW,8,,,CAS/92390-LI/0,0,0,DAY,,8,0,2026-05-18 08:25:33.0,92390LI0-woOW2vqyd,2026-05-18 13:55:33,E0RMxi1LKawf,,O0RMxmrNtl1k,CSE
DOCK.N0000,BUY,100,131.00,"13,100.00",NEW,100,,,CAS/92390-LI/0,0,0,DAY,,100,0,2026-05-18 08:24:41.0,92390LI0-woilnY53W,2026-05-18 13:54:41,E0RMxi1LKaqz,,O0RMxmrNtkzJ,CSE
HELA.N0000,BUY,"10,000",2.00,"20,000.00",EXPIRED,0,Expired (end of day),,CAS/92390-LI/0,0,0,DAY,,0,0,2026-05-13 09:40:00.0,92390LI0-woxOIQVKY,2026-05-13 15:10:04,E0RJKRZSGKMG,,O0RJKWPUpV31,CSE
NDB.N0000,BUY,100,115.00,"11,500.00",FILLED,0,,CAS,CAS/92390-LI/0,100,100,DAY,,0,0,2026-05-13 08:14:21.0,92390LI0-woAiihPGa,2026-05-13 13:44:21,E0RJKRZSGCLJ,,O0RJKWPUpV5C,CSE
NDB.N0000,BUY,100,115.00,"11,500.00",NEW,100,,,CAS/92390-LI/0,0,0,DAY,,100,0,2026-05-13 07:38:39.0,92390LI0-woAiihPGa,2026-05-13 13:08:39,E0RJKRZSG9iV,,O0RJKWPUpV5C,CSE
HELA.N0000,BUY,"10,000",2.00,"20,000.00",NEW,"10,000",,,CAS/92390-LI/0,0,0,DAY,,"10,000",0,2026-05-13 07:37:31.0,92390LI0-woxOIQVKY,2026-05-13 13:07:31,E0RJKRZSG9e2,,O0RJKWPUpV31,CSE
NTB.X0000,BUY,17,408.00,"6,936.00",EXPIRED,0,Expired (end of day),,CAS/92390-LI/0,0,0,DAY,,0,0,2026-05-12 09:25:36.0,92390LI0-woF43iiVM,2026-05-12 14:55:53,E0RIcGTwUmF3,,O0RIcLJz3z6h,CSE
DIAL.N0000,BUY,500,35.60,"17,800.00",EXPIRED,0,Expired (end of day),,CAS/92390-LI/0,0,0,DAY,,0,0,2026-05-12 09:25:36.0,92390LI0-woMqcNWDh,2026-05-12 14:55:53,E0RIcGTwUl4p,,O0RIcLJz3wkS,CSE
NTB.N0000,BUY,50,319.50,"15,975.00",EXPIRED,0,Expired (end of day),,CAS/92390-LI/0,0,0,DAY,,0,0,2026-05-12 09:25:36.0,92390LI0-woU7WNdwo,2026-05-12 14:55:53,E0RIcGTwUmEI,,O0RIcLJz3xBr,CSE
ASIR.N0000,BUY,300,42.80,"12,840.00",EXPIRED,0,Expired (end of day),,CAS/92390-LI/0,0,0,DAY,,0,0,2026-05-12 09:25:36.0,92390LI0-wocc1KzzZ,2026-05-12 14:55:38,E0RIcGTwUkIU,,O0RIcLJz3xKd,CSE
ASIR.N0000,BUY,300,42.80,"12,840.00",NEW,300,,,CAS/92390-LI/0,0,0,DAY,,300,0,2026-05-12 08:38:50.0,92390LI0-wocc1KzzZ,2026-05-12 14:08:50,E0RIcGTwUhMT,,O0RIcLJz3xKd,CSE
ASIR.N0000,BUY,300,42.80,"12,840.00",P.CHANGE,300,,,CAS/92390-LI/0,0,0,DAY,2026-05-12,300,0,2026-05-12 13:13:37.0,92390LI0-wocc1KzzZ,2026-05-12 14:08:50,,,O0RIcLJz3xKd,CSE
NTB.X0000,BUY,17,408.00,"6,936.00",NEW,17,,,CAS/92390-LI/0,0,0,DAY,,17,0,2026-05-12 08:38:19.0,92390LI0-woF43iiVM,2026-05-12 14:08:19,E0RIcGTwUhJR,,O0RIcLJz3z6h,CSE
HNB.X0000,BUY,50,351.50,"17,575.00",FILLED,0,,ARR,CAS/92390-LI/0,50,50,DAY,,0,0,2026-05-12 08:07:51.0,92390LI0-wor4zIGft,2026-05-12 13:37:51,E0RIcGTwUezJ,,O0RIcLJz3xMA,CSE
HNB.X0000,BUY,50,351.50,"17,575.00",NEW,50,,,CAS/92390-LI/0,0,0,DAY,,50,0,2026-05-12 07:44:14.0,92390LI0-wor4zIGft,2026-05-12 13:14:14,E0RIcGTwUdCF,,O0RIcLJz3xMA,CSE
ASIR.N0000,BUY,300,42.70,"12,810.00",NEW,300,,,CAS/92390-LI/0,0,0,DAY,,300,0,2026-05-12 07:43:37.0,92390LI0-wogv7WBmo,2026-05-12 13:13:37,E0RIcGTwUd98,,O0RIcLJz3xKd,CSE
NTB.N0000,BUY,50,319.50,"15,975.00",NEW,50,,,CAS/92390-LI/0,0,0,DAY,,50,0,2026-05-12 07:39:25.0,92390LI0-woU7WNdwo,2026-05-12 13:09:25,E0RIcGTwUcnY,,O0RIcLJz3xBr,CSE
DIAL.N0000,BUY,500,35.60,"17,800.00",NEW,500,,,CAS/92390-LI/0,0,0,DAY,,500,0,2026-05-12 07:24:55.0,92390LI0-woMqcNWDh,2026-05-12 12:54:55,E0RIcGTwUbh5,,O0RIcLJz3wkS,CSE
SLTL.N0000,BUY,100,85.00,"8,500.00",EXPIRED,0,Expired (end of day),,CAS/92390-LI/0,0,0,DAY,,0,0,2026-05-11 09:27:00.0,92390LI0-woLxUkPqb,2026-05-11 14:57:32,E0RHsWbbDW40,,O0RHsbRdmdIP,CSE
HNB.X0000,BUY,50,347.00,"17,350.00",EXPIRED,0,Expired (end of day),,CAS/92390-LI/0,0,0,DAY,,0,0,2026-05-11 09:27:00.0,92390LI0-woVlg3kxI,2026-05-11 14:57:32,E0RHsWbbDUP9,,O0RHsbRdmdB4,CSE
SUN.N0000,BUY,100,32.00,"3,200.00",EXPIRED,0,Expired (end of day),,CAS/92390-LI/0,0,0,DAY,,0,0,2026-05-11 09:27:00.0,92390LI0-wonNQjSKZ,2026-05-11 14:57:32,E0RHsWbbDW69,,O0RHsbRdmdNV,CSE
DOCK.N0000,BUY,100,122.00,"12,200.00",EXPIRED,0,Expired (end of day),,CAS/92390-LI/0,0,0,DAY,,0,0,2026-05-11 09:27:00.0,92390LI0-wotzaPNFl,2026-05-11 14:57:32,E0RHsWbbDU7s,,O0RHsbRdmdGQ,CSE
COCO.N0000,BUY,200,28.00,"5,600.00",EXPIRED,0,Expired (end of day),,CAS/92390-LI/0,0,0,DAY,,0,0,2026-05-11 09:27:00.0,92390LI0-wocNW1xU7,2026-05-11 14:57:31,E0RHsWbbDTlj,,O0RHsbRdmdLL,CSE
BREW.N0000,BUY,2,"2,520.00","5,040.00",EXPIRED,0,Expired (end of day),,CAS/92390-LI/0,0,0,DAY,,0,0,2026-05-11 09:27:00.0,92390LI0-wohTLXLz4,2026-05-11 14:57:31,E0RHsWbbDTSa,,O0RHsbRdmdRO,CSE
CARG.N0000,BUY,25,661.00,"16,525.00",EXPIRED,0,Expired (end of day),,CAS/92390-LI/0,0,0,DAY,,0,0,2026-05-11 09:27:00.0,92390LI0-wozLj07yl,2026-05-11 14:57:31,E0RHsWbbDTUu,,O0RHsbRdmdCl,CSE
BREW.N0000,BUY,2,"2,520.00","5,040.00",NEW,2,,,CAS/92390-LI/0,0,0,DAY,,2,0,2026-05-11 05:26:55.0,92390LI0-wohTLXLz4,2026-05-11 10:56:55,E0RHsWbbDCs8,,O0RHsbRdmdRO,CSE
SUN.N0000,BUY,100,32.00,"3,200.00",NEW,100,,,CAS/92390-LI/0,0,0,DAY,,100,0,2026-05-11 05:25:29.0,92390LI0-wonNQjSKZ,2026-05-11 10:55:29,E0RHsWbbDCl5,,O0RHsbRdmdNV,CSE
COCO.N0000,BUY,200,28.00,"5,600.00",NEW,200,,,CAS/92390-LI/0,0,0,DAY,,200,0,2026-05-11 05:24:47.0,92390LI0-wocNW1xU7,2026-05-11 10:54:47,E0RHsWbbDCgn,,O0RHsbRdmdLL,CSE
SLTL.N0000,BUY,100,85.00,"8,500.00",NEW,100,,,CAS/92390-LI/0,0,0,DAY,,100,0,2026-05-11 05:23:42.0,92390LI0-woLxUkPqb,2026-05-11 10:53:42,E0RHsWbbDCZM,,O0RHsbRdmdIP,CSE
DOCK.N0000,BUY,100,122.00,"12,200.00",NEW,100,,,CAS/92390-LI/0,0,0,DAY,,100,0,2026-05-11 05:23:03.0,92390LI0-wotzaPNFl,2026-05-11 10:53:03,E0RHsWbbDCU2,,O0RHsbRdmdGQ,CSE
CARG.N0000,BUY,25,661.00,"16,525.00",NEW,25,,,CAS/92390-LI/0,0,0,DAY,,25,0,2026-05-11 05:21:53.0,92390LI0-wozLj07yl,2026-05-11 10:51:53,E0RHsWbbDCNZ,,O0RHsbRdmdCl,CSE
HNB.X0000,BUY,50,347.00,"17,350.00",NEW,50,,,CAS/92390-LI/0,0,0,DAY,,50,0,2026-05-11 05:21:16.0,92390LI0-woVlg3kxI,2026-05-11 10:51:16,E0RHsWbbDCKY,,O0RHsbRdmdB4,CSE
PKME.N0000,BUY,100,158.00,"15,800.00",EXPIRED,0,Expired (end of day),,CAS/92390-LI/0,0,0,DAY,,0,0,2026-05-08 09:19:48.0,92390LI0-woJqyouPk,2026-05-08 14:49:54,E0RFi7C46Sxz,,O0RFiC26fZMo,CSE
SPEN.N0000,BUY,100,138.00,"13,800.00",EXPIRED,0,Expired (end of day),,CAS/92390-LI/0,0,0,DAY,,0,0,2026-05-08 09:19:48.0,92390LI0-woivpd0Uz,2026-05-08 14:49:54,E0RFi7C46S9H,,O0RFiC26fZQA,CSE
LALU.N0000,BUY,100,45.30,"4,530.00",EXPIRED,0,Expired (end of day),,CAS/92390-LI/0,0,0,DAY,,0,0,2026-05-08 09:19:48.0,92390LI0-woBa0rIYn,2026-05-08 14:49:53,E0RFi7C46QlB,,O0RFiC26fZOK,CSE
DFCC.N0000,BUY,100,139.00,"13,900.00",EXPIRED,0,Expired (end of day),,CAS/92390-LI/0,0,0,DAY,,0,0,2026-05-08 09:19:48.0,92390LI0-woBruoHbL,2026-05-08 14:49:53,E0RFi7C46Pp9,,O0RFiC26fZM8,CSE
HASU.N0000,BUY,100,148.50,"14,850.00",EXPIRED,0,Expired (end of day),,CAS/92390-LI/0,0,0,DAY,,0,0,2026-05-08 09:19:48.0,92390LI0-woN2y92oM,2026-05-08 14:49:53,E0RFi7C46Q8M,,O0RFiC26fZOw,CSE
CARG.N0000,BUY,8,693.25,"5,546.00",EXPIRED,0,Expired (end of day),,CAS/92390-LI/0,0,0,DAY,,0,0,2026-05-08 09:19:48.0,92390LI0-wm1Ylxjl4,2026-05-08 14:49:52,E0RFi7C46PHA,,O0RFiC26fZV9,CSE
BREW.N0000,BUY,1,"2,705.00","2,705.00",EXPIRED,0,Expired (end of day),,CAS/92390-LI/0,0,0,DAY,,0,0,2026-05-08 09:19:48.0,92390LI0-wmCgHG88x,2026-05-08 14:49:52,E0RFi7C46PEw,,O0RFiC26fZU9,CSE
BREW.N0000,BUY,1,"2,705.00","2,705.00",NEW,1,,,CAS/92390-LI/0,0,0,DAY,,1,0,2026-05-08 08:44:02.0,92390LI0-wmCgHG88x,2026-05-08 14:14:02,E0RFi7C46Lyd,,O0RFiC26fZU9,CSE
BREW.N0000,BUY,1,"2,705.00","2,705.00",P.CHANGE,1,,,CAS/92390-LI/0,0,0,DAY,2026-05-08,1,0,2026-05-08 12:38:50.0,92390LI0-wmCgHG88x,2026-05-08 14:14:02,,,O0RFiC26fZU9,CSE
CARG.N0000,BUY,8,693.25,"5,546.00",NEW,8,,,CAS/92390-LI/0,0,0,DAY,,8,0,2026-05-08 08:43:40.0,92390LI0-wm1Ylxjl4,2026-05-08 14:13:40,E0RFi7C46LuM,,O0RFiC26fZV9,CSE
CARG.N0000,BUY,8,693.25,"5,546.00",P.CHANGE,8,,,CAS/92390-LI/0,0,0,DAY,2026-05-08,8,0,2026-05-08 12:39:33.0,92390LI0-wm1Ylxjl4,2026-05-08 14:13:40,,,O0RFiC26fZV9,CSE
CARG.N0000,BUY,8,693.00,"5,544.00",NEW,8,,,CAS/92390-LI/0,0,0,DAY,,8,0,2026-05-08 07:09:33.0,92390LI0-woUqKN8yb,2026-05-08 12:39:33,E0RFi7C46Cvx,,O0RFiC26fZV9,CSE
BREW.N0000,BUY,1,"2,700.00","2,700.00",NEW,1,,,CAS/92390-LI/0,0,0,DAY,,1,0,2026-05-08 07:08:50.0,92390LI0-wozPIvO4i,2026-05-08 12:38:50,E0RFi7C46Cty,,O0RFiC26fZU9,CSE
SPEN.N0000,BUY,100,138.00,"13,800.00",NEW,100,,,CAS/92390-LI/0,0,0,DAY,,100,0,2026-05-08 07:06:30.0,92390LI0-woivpd0Uz,2026-05-08 12:36:30,E0RFi7C46Cl5,,O0RFiC26fZQA,CSE
HASU.N0000,BUY,100,148.50,"14,850.00",NEW,100,,,CAS/92390-LI/0,0,0,DAY,,100,0,2026-05-08 07:05:45.0,92390LI0-woN2y92oM,2026-05-08 12:35:45,E0RFi7C46Ci0,,O0RFiC26fZOw,CSE
LALU.N0000,BUY,100,45.30,"4,530.00",NEW,100,,,CAS/92390-LI/0,0,0,DAY,,100,0,2026-05-08 07:05:22.0,92390LI0-woBa0rIYn,2026-05-08 12:35:22,E0RFi7C46Cgl,,O0RFiC26fZOK,CSE
PKME.N0000,BUY,100,158.00,"15,800.00",NEW,100,,,CAS/92390-LI/0,0,0,DAY,,100,0,2026-05-08 07:04:31.0,92390LI0-woJqyouPk,2026-05-08 12:34:31,E0RFi7C46CdJ,,O0RFiC26fZMo,CSE
DFCC.N0000,BUY,100,139.00,"13,900.00",NEW,100,,,CAS/92390-LI/0,0,0,DAY,,100,0,2026-05-08 07:04:10.0,92390LI0-woBruoHbL,2026-05-08 12:34:10,E0RFi7C46Cbw,,O0RFiC26fZM8,CSE
NTB.X0000,BUY,60,400.00,"24,000.00",EXPIRED,0,Expired (end of day),,CAS/92390-LI/0,0,0,DAY,,0,0,2026-05-06 09:27:00.0,92390LI0-woZv1ucZi,2026-05-06 14:57:06,E0REGLuICzn4,,O0REGQkKm9mN,CSE
SUN.N0000,BUY,100,32.30,"3,230.00",EXPIRED,0,Expired (end of day),,CAS/92390-LI/0,0,0,DAY,,0,0,2026-05-06 09:27:00.0,92390LI0-woipC78bg,2026-05-06 14:57:06,E0REGLuID0Yi,,O0REGQkKm56b,CSE
SUN.N0000,BUY,100,32.20,"3,220.00",EXPIRED,0,Expired (end of day),,CAS/92390-LI/0,0,0,DAY,,0,0,2026-05-06 09:27:00.0,92390LI0-wokoRpjtc,2026-05-06 14:57:06,E0REGLuID0Yl,,O0REGQkKm58y,CSE
PKME.N0000,BUY,100,154.50,"15,450.00",EXPIRED,0,Expired (end of day),,CAS/92390-LI/0,0,0,DAY,,0,0,2026-05-06 09:27:00.0,92390LI0-worGKMYEy,2026-05-06 14:57:06,E0REGLuID1G2,,O0REGQkKm4zR,CSE
CDB.X0000,BUY,0,0.00,0.00,Q.CANCEL,0,,,CAS/92390-LI/0,0,0,,,0,0,2026-05-06 14:30:58.0,92390LI0-woIIALQQ7,2026-05-06 14:31:16,,,-,CSE
CDB.X0000,BUY,0,0.00,0.00,Q.CANCEL,0,,,CAS/92390-LI/0,0,0,,,0,0,2026-05-06 14:30:30.0,92390LI0-wotUKm0QD,2026-05-06 14:31:09,,,-,CSE
CDB.X0000,BUY,500,34.00,"17,000.00",QUEUED,500,,,CAS/92390-LI/0,0,0,DAY,2026-05-06,500,0,2026-05-06 14:30:58.0,92390LI0-woIIALQQ7,2026-05-06 14:30:58,,,-,CSE
CDB.X0000,BUY,200,34.00,"6,800.00",QUEUED,200,,,CAS/92390-LI/0,0,0,DAY,2026-05-06,200,0,2026-05-06 14:30:30.0,92390LI0-wotUKm0QD,2026-05-06 14:30:30,,,-,CSE
PKME.N0000,BUY,100,154.50,"15,450.00",NEW,100,,,CAS/92390-LI/0,0,0,DAY,,100,0,2026-05-06 08:56:32.0,92390LI0-worGKMYEy,2026-05-06 14:26:32,E0REGLuICwcw,,O0REGQkKm4zR,CSE
PKME.N0000,BUY,100,154.50,"15,450.00",P.CHANGE,100,,,CAS/92390-LI/0,0,0,DAY,2026-05-06,100,0,2026-05-06 11:04:20.0,92390LI0-worGKMYEy,2026-05-06 14:26:32,,,O0REGQkKm4zR,CSE
CDB.X0000,BUY,80,33.80,"2,704.00",FILLED,0,,TSL,CAS/92390-LI/0,80,80,DAY,,0,0,2026-05-06 07:48:05.0,92390LI0-woc8Rj6td,2026-05-06 13:18:05,E0REGLuICqUx,,O0REGQkKm5J0,CSE
NTB.X0000,BUY,60,400.00,"24,000.00",NEW,60,,,CAS/92390-LI/0,0,0,DAY,,60,0,2026-05-06 07:45:07.0,92390LI0-woZv1ucZi,2026-05-06 13:15:07,E0REGLuICqC4,,O0REGQkKm9mN,CSE
CDB.X0000,BUY,80,33.80,"2,704.00",NEW,80,,,CAS/92390-LI/0,0,0,DAY,,80,0,2026-05-06 05:41:36.0,92390LI0-woc8Rj6td,2026-05-06 11:11:36,E0REGLuICfoG,,O0REGQkKm5J0,CSE
SUN.N0000,BUY,100,32.20,"3,220.00",NEW,100,,,CAS/92390-LI/0,0,0,DAY,,100,0,2026-05-06 05:38:10.0,92390LI0-wokoRpjtc,2026-05-06 11:08:10,E0REGLuICfOj,,O0REGQkKm58y,CSE
SUN.N0000,BUY,100,32.30,"3,230.00",NEW,100,,,CAS/92390-LI/0,0,0,DAY,,100,0,2026-05-06 05:37:14.0,92390LI0-woipC78bg,2026-05-06 11:07:14,E0REGLuICfJi,,O0REGQkKm56b,CSE
PKME.N0000,BUY,100,154.00,"15,400.00",NEW,100,,,CAS/92390-LI/0,0,0,DAY,,100,0,2026-05-06 05:34:20.0,92390LI0-woVWXxNf2,2026-05-06 11:04:20,E0REGLuICf4O,,O0REGQkKm4zR,CSE
DIAL.N0000,BUY,400,35.60,"14,240.00",EXPIRED,0,Expired (end of day),,CAS/92390-LI/0,0,0,DAY,,0,0,2026-05-05 09:18:40.0,92390LI0-woAD5rK1K,2026-05-05 14:48:50,E0RDX54CNgqM,,O0RDX9uEwywD,CSE
ASIR.N0000,BUY,200,42.90,"8,580.00",EXPIRED,0,Expired (end of day),,CAS/92390-LI/0,0,0,DAY,,0,0,2026-05-05 09:18:40.0,92390LI0-wocykSUF0,2026-05-05 14:48:40,E0RDX54CNg9d,,O0RDX9uEwyYB,CSE
HAYL.N0000,BUY,35,230.50,"8,067.50",FILLED,0,,DSA,CAS/92390-LI/0,35,35,DAY,,0,0,2026-05-05 08:58:49.0,92390LI0-woiSPmlAz,2026-05-05 14:28:49,E0RDX54CNfc9,,O0RDX9uEwyHP,CSE
DIAL.N0000,BUY,400,35.60,"14,240.00",NEW,400,,,CAS/92390-LI/0,0,0,DAY,,400,0,2026-05-05 08:38:48.0,92390LI0-woAD5rK1K,2026-05-05 14:08:48,E0RDX54CNdff,,O0RDX9uEwywD,CSE
ASIR.N0000,BUY,200,42.90,"8,580.00",NEW,200,,,CAS/92390-LI/0,0,0,DAY,,200,0,2026-05-05 08:27:00.0,92390LI0-wocykSUF0,2026-05-05 13:57:00,E0RDX54CNcjW,,O0RDX9uEwyYB,CSE
ASIR.N0000,BUY,200,42.90,"8,580.00",P.CHANGE,200,,,CAS/92390-LI/0,0,0,DAY,2026-05-05,200,0,2026-05-05 13:56:26.0,92390LI0-wocykSUF0,2026-05-05 13:57:00,,,O0RDX9uEwyYB,CSE
ASIR.N0000,BUY,100,43.00,"4,300.00",NEW,100,,,CAS/92390-LI/0,0,0,DAY,,100,0,2026-05-05 08:26:27.0,92390LI0-wovi4WEqW,2026-05-05 13:56:27,E0RDX54CNcha,,O0RDX9uEwyYB,CSE
ASIR.N0000,BUY,300,43.40,"13,020.00",FILLED,0,,COM,CAS/92390-LI/0,300,300,DAY,,0,0,2026-05-05 08:23:03.0,92390LI0-woCnd8uui,2026-05-05 13:53:03,E0RDX54CNcVn,,O0RDX9uEwyJq,CSE
ASIR.N0000,BUY,300,43.40,"13,020.00",NEW,300,,,CAS/92390-LI/0,0,0,DAY,,300,0,2026-05-05 08:17:03.0,92390LI0-woCnd8uui,2026-05-05 13:47:03,E0RDX54CNc9E,,O0RDX9uEwyJq,CSE
HAYL.N0000,BUY,35,230.50,"8,067.50",NEW,35,,,CAS/92390-LI/0,0,0,DAY,,35,0,2026-05-05 08:15:35.0,92390LI0-woiSPmlAz,2026-05-05 13:45:35,E0RDX54CNc4v,,O0RDX9uEwyHP,CSE
TKYO.X0000,BUY,200,76.60,"15,320.00",EXPIRED,0,Expired (end of day),,CAS/92390-LI/0,0,0,DAY,,0,0,2026-04-30 09:27:00.0,92390LI0-woD42oXGl,2026-04-30 14:57:26,E0R9u7yTcMvH,,O0R9uCoWBYif,CSE
LALU.N0000,BUY,100,44.80,"4,480.00",EXPIRED,0,Expired (end of day),,CAS/92390-LI/0,0,0,DAY,,0,0,2026-04-30 09:27:00.0,92390LI0-worNws02J,2026-04-30 14:57:26,E0R9u7yTcLk8,,O0R9uCoWBXpv,CSE
HASU.N0000,BUY,10,143.00,"1,430.00",EXPIRED,0,Expired (end of day),,CAS/92390-LI/0,0,0,DAY,,0,0,2026-04-30 09:27:00.0,92390LI0-woZwIJ7tk,2026-04-30 14:57:08,E0R9u7yTcL7v,,O0R9uCoWBXto,CSE
BREW.N0000,BUY,2,"2,653.50","5,307.00",EXPIRED,0,Expired (end of day),,CAS/92390-LI/0,0,0,DAY,,0,0,2026-04-30 09:27:00.0,92390LI0-woPTHTYVb,2026-04-30 14:57:02,E0R9u7yTcKRu,,O0R9uCoWBaEk,CSE
BREW.N0000,BUY,2,"2,653.50","5,307.00",NEW,2,,,CAS/92390-LI/0,0,0,DAY,,2,0,2026-04-30 08:20:31.0,92390LI0-woPTHTYVb,2026-04-30 13:50:31,E0R9u7yTcGEM,,O0R9uCoWBaEk,CSE
TKYO.X0000,BUY,200,76.60,"15,320.00",NEW,200,,,CAS/92390-LI/0,0,0,DAY,,200,0,2026-04-30 07:19:58.0,92390LI0-woD42oXGl,2026-04-30 13:48:09,0,,O0R9uCoWBYif,CSE
HASU.N0000,BUY,10,143.00,"1,430.00",NEW,10,,,CAS/92390-LI/0,0,0,DAY,,10,0,2026-04-30 06:51:07.0,92390LI0-woZwIJ7tk,2026-04-30 13:48:09,0,,O0R9uCoWBXto,CSE
LALU.N0000,BUY,100,44.80,"4,480.00",NEW,100,,,CAS/92390-LI/0,0,0,DAY,,100,0,2026-04-30 06:49:01.0,92390LI0-worNws02J,2026-04-30 13:48:09,0,,O0R9uCoWBXpv,CSE
TKYO.X0000,BUY,200,76.60,"15,320.00",NEW,200,,,CAS/92390-LI/0,0,0,DAY,,200,0,2026-04-30 07:19:58.0,92390LI0-woD42oXGl,2026-04-30 13:44:47,0,,O0R9uCoWBYif,CSE
HASU.N0000,BUY,10,143.00,"1,430.00",NEW,10,,,CAS/92390-LI/0,0,0,DAY,,10,0,2026-04-30 06:51:07.0,92390LI0-woZwIJ7tk,2026-04-30 13:44:47,0,,O0R9uCoWBXto,CSE
LALU.N0000,BUY,100,44.80,"4,480.00",NEW,100,,,CAS/92390-LI/0,0,0,DAY,,100,0,2026-04-30 06:49:01.0,92390LI0-worNws02J,2026-04-30 13:44:47,0,,O0R9uCoWBXpv,CSE
HNB.X0000,BUY,3,348.75,"1,046.25",FILLED,0,,MSB,CAS/92390-LI/0,3,3,DAY,,0,0,2026-04-30 07:48:39.0,92390LI0-woCThaXKI,2026-04-30 13:18:39,E0R9u7yTcEBu,,O0R9uCoWBYQS,CSE
TKYO.X0000,BUY,200,76.60,"15,320.00",NEW,200,,,CAS/92390-LI/0,0,0,DAY,,200,0,2026-04-30 07:19:58.0,92390LI0-woD42oXGl,2026-04-30 12:49:58,E0R9u7yTcChy,,O0R9uCoWBYif,CSE
HNB.X0000,BUY,3,348.75,"1,046.25",NEW,3,,,CAS/92390-LI/0,0,0,DAY,,3,0,2026-04-30 07:09:26.0,92390LI0-woCThaXKI,2026-04-30 12:39:26,E0R9u7yTcC0W,,O0R9uCoWBYQS,CSE
HNB.X0000,BUY,3,349.00,"1,047.00",FILLED,0,,DSA,CAS/92390-LI/0,3,3,DAY,,0,0,2026-04-30 07:01:32.0,92390LI0-woFmGsNOI,2026-04-30 12:31:32,E0R9u7yTcBU8,,O0R9uCoWBXri,CSE
HASU.N0000,BUY,10,143.00,"1,430.00",NEW,10,,,CAS/92390-LI/0,0,0,DAY,,10,0,2026-04-30 06:51:07.0,92390LI0-woZwIJ7tk,2026-04-30 12:21:07,E0R9u7yTcAmv,,O0R9uCoWBXto,CSE
HNB.X0000,BUY,3,349.00,"1,047.00",NEW,3,,,CAS/92390-LI/0,0,0,DAY,,3,0,2026-04-30 06:49:59.0,92390LI0-woFmGsNOI,2026-04-30 12:19:59,E0R9u7yTcAiW,,O0R9uCoWBXri,CSE
LALU.N0000,BUY,100,44.80,"4,480.00",NEW,100,,,CAS/92390-LI/0,0,0,DAY,,100,0,2026-04-30 06:49:01.0,92390LI0-worNws02J,2026-04-30 12:19:01,E0R9u7yTcAeo,,O0R9uCoWBXpv,CSE
ALUM.N0000,BUY,200,16.80,"3,360.00",EXPIRED,0,Expired (end of day),,CAS/92390-LI/0,0,0,DAY,,0,0,2026-04-29 09:20:00.0,92390LI0-wo9vA7gym,2026-04-29 14:50:01,E0R9BAUY6CdQ,,O0R9BFKafFt6,CSE
CARG.N0000,BUY,5,688.75,"3,443.75",EXPIRED,0,Expired (end of day),,CAS/92390-LI/0,0,0,DAY,,0,0,2026-04-29 09:20:00.0,92390LI0-woG9qJj6o,2026-04-29 14:50:01,E0R9BAUY6Cw9,,O0R9BFKafFl3,CSE
CARG.N0000,BUY,10,688.50,"6,885.00",EXPIRED,0,Expired (end of day),,CAS/92390-LI/0,0,0,DAY,,0,0,2026-04-29 09:20:00.0,92390LI0-wojcgEscn,2026-04-29 14:50:01,E0R9BAUY6CwA,,O0R9BFKafFm6,CSE
CARG.N0000,BUY,5,689.00,"3,445.00",EXPIRED,0,Expired (end of day),,CAS/92390-LI/0,0,0,DAY,,0,0,2026-04-29 09:20:00.0,92390LI0-wot0xCtrV,2026-04-29 14:50:01,E0R9BAUY6Cw8,,O0R9BFKafFja,CSE
DOCK.N0000,BUY,100,128.00,"12,800.00",FILLED,0,,HDF,CAS/92390-LI/0,100,100,DAY,,0,0,2026-04-29 08:34:15.0,92390LI0-woLTtJViu,2026-04-29 14:04:15,E0R9BAUY694K,,O0R9BFKafFpc,CSE
ALUM.N0000,BUY,200,16.80,"3,360.00",NEW,200,,,CAS/92390-LI/0,0,0,DAY,,200,0,2026-04-29 07:38:15.0,92390LI0-wo9vA7gym,2026-04-29 13:08:15,E0R9BAUY64NP,,O0R9BFKafFt6,CSE
DOCK.N0000,BUY,100,128.00,"12,800.00",NEW,100,,,CAS/92390-LI/0,0,0,DAY,,100,0,2026-04-29 07:36:29.0,92390LI0-woLTtJViu,2026-04-29 13:06:29,E0R9BAUY64FX,,O0R9BFKafFpc,CSE
CARG.N0000,BUY,10,688.50,"6,885.00",NEW,10,,,CAS/92390-LI/0,0,0,DAY,,10,0,2026-04-29 07:34:41.0,92390LI0-wojcgEscn,2026-04-29 13:04:41,E0R9BAUY6489,,O0R9BFKafFm6,CSE
CARG.N0000,BUY,5,688.75,"3,443.75",NEW,5,,,CAS/92390-LI/0,0,0,DAY,,5,0,2026-04-29 07:34:08.0,92390LI0-woG9qJj6o,2026-04-29 13:04:08,E0R9BAUY644w,,O0R9BFKafFl3,CSE
CARG.N0000,BUY,5,689.00,"3,445.00",NEW,5,,,CAS/92390-LI/0,0,0,DAY,,5,0,2026-04-29 07:33:14.0,92390LI0-wot0xCtrV,2026-04-29 13:03:14,E0R9BAUY641c,,O0R9BFKafFja,CSE
HEXP.N0000,BUY,100,113.00,"11,300.00",EXPIRED,0,Expired (end of day),,CAS/92390-LI/0,0,0,DAY,,0,0,2026-04-23 09:23:14.0,92390LI0-wo5a7uXog,2026-04-23 14:53:42,E0R4pZH46oI6,,O0R4pe76g5ds,CSE
CARG.N0000,BUY,35,699.00,"24,465.00",EXPIRED,0,Expired (end of day),,CAS/92390-LI/0,0,0,DAY,,0,0,2026-04-23 09:23:14.0,92390LI0-woaGuuV8P,2026-04-23 14:53:42,E0R4pZH46nXr,,O0R4pe76g5az,CSE
CARG.N0000,BUY,1,699.00,699.00,EXPIRED,0,Expired (end of day),,CAS/92390-LI/0,0,0,DAY,,0,0,2026-04-23 09:23:14.0,92390LI0-wonhBozpz,2026-04-23 14:53:42,E0R4pZH46nXq,,O0R4pe76g5Jg,CSE
LIOC.N0000,BUY,100,131.75,"13,175.00",EXPIRED,0,Expired (end of day),,CAS/92390-LI/0,0,0,DAY,,0,0,2026-04-23 09:23:14.0,92390LI0-woqsvUiRK,2026-04-23 14:53:42,E0R4pZH46ord,,O0R4pe76g5mu,CSE
JKH.N0000,BUY,150,19.90,"2,985.00",EXPIRED,0,Expired (end of day),,CAS/92390-LI/0,0,0,DAY,,0,0,2026-04-23 09:23:14.0,92390LI0-wowoP2U8X,2026-04-23 14:53:42,E0R4pZH46oc9,,O0R4pe76g5tY,CSE
ASIR.N0000,BUY,200,39.10,"7,820.00",EXPIRED,0,Expired (end of day),,CAS/92390-LI/0,0,0,DAY,,0,0,2026-04-23 09:23:14.0,92390LI0-wo4r4wUFT,2026-04-23 14:53:15,E0R4pZH46nHw,,O0R4pe76g5g2,CSE
JKH.N0000,BUY,150,19.90,"2,985.00",NEW,150,,,CAS/92390-LI/0,0,0,DAY,,150,0,2026-04-23 08:59:47.0,92390LI0-wowoP2U8X,2026-04-23 14:29:47,E0R4pZH46mrj,,O0R4pe76g5tY,CSE
LIOC.N0000,BUY,100,131.75,"13,175.00",NEW,100,,,CAS/92390-LI/0,0,0,DAY,,100,0,2026-04-23 08:57:33.0,92390LI0-woqsvUiRK,2026-04-23 14:27:33,E0R4pZH46mUr,,O0R4pe76g5mu,CSE
ASIR.N0000,BUY,200,39.10,"7,820.00",NEW,200,,,CAS/92390-LI/0,0,0,DAY,,200,0,2026-04-23 08:55:33.0,92390LI0-wo4r4wUFT,2026-04-23 14:25:33,E0R4pZH46mEa,,O0R4pe76g5g2,CSE
HEXP.N0000,BUY,100,113.00,"11,300.00",NEW,100,,,CAS/92390-LI/0,0,0,DAY,,100,0,2026-04-23 08:54:46.0,92390LI0-wo5a7uXog,2026-04-23 14:24:46,E0R4pZH46m94,,O0R4pe76g5ds,CSE
CARG.N0000,BUY,35,699.00,"24,465.00",NEW,35,,,CAS/92390-LI/0,0,0,DAY,,35,0,2026-04-23 08:53:40.0,92390LI0-woaGuuV8P,2026-04-23 14:23:40,E0R4pZH46m1Y,,O0R4pe76g5az,CSE
CARG.N0000,BUY,1,699.00,699.00,NEW,1,,,CAS/92390-LI/0,0,0,DAY,,1,0,2026-04-23 08:46:14.0,92390LI0-wonhBozpz,2026-04-23 14:16:14,E0R4pZH46lAa,,O0R4pe76g5Jg,CSE
CBNK.N0000,BUY,500,8.70,"4,350.00",EXPIRED,0,Expired (end of day),,CAS/92390-LI/0,0,0,DAY,,0,0,2026-04-17 09:18:32.0,92390LI0-wodSkOdHC,2026-04-17 14:48:39,E0R0U7jfHMvw,,O0R0UCZhqRls,CSE
NTB.X0000,BUY,5,403.75,"2,018.75",EXPIRED,0,Expired (end of day),,CAS/92390-LI/0,0,0,DAY,,0,0,2026-04-17 09:18:32.0,92390LI0-woKju8bU4,2026-04-17 14:48:38,E0R0U7jfHLNw,,O0R0UCZhqRfl,CSE
NTB.X0000,BUY,5,404.00,"2,020.00",EXPIRED,0,Expired (end of day),,CAS/92390-LI/0,0,0,DAY,,0,0,2026-04-17 09:18:32.0,92390LI0-woi6rlA8H,2026-04-17 14:48:38,E0R0U7jfHLNt,,O0R0UCZhqRet,CSE
HNB.N0000,BUY,6,411.50,"2,469.00",EXPIRED,0,Expired (end of day),,CAS/92390-LI/0,0,0,DAY,,0,0,2026-04-17 09:18:32.0,92390LI0-woqFbKtD7,2026-04-17 14:48:38,E0R0U7jfHKCx,,O0R0UCZhqRyT,CSE
HNB.N0000,BUY,6,411.50,"2,469.00",NEW,6,,,CAS/92390-LI/0,0,0,DAY,,6,0,2026-04-17 08:22:13.0,92390LI0-woqFbKtD7,2026-04-17 13:52:13,E0R0U7jfHCVo,,O0R0UCZhqRyT,CSE
CBNK.N0000,BUY,500,8.70,"4,350.00",NEW,500,,,CAS/92390-LI/0,0,0,DAY,,500,0,2026-04-17 08:17:45.0,92390LI0-wodSkOdHC,2026-04-17 13:47:45,E0R0U7jfHC1b,,O0R0UCZhqRls,CSE
NTB.X0000,BUY,5,403.75,"2,018.75",NEW,5,,,CAS/92390-LI/0,0,0,DAY,,5,0,2026-04-17 08:15:27.0,92390LI0-woKju8bU4,2026-04-17 13:45:27,E0R0U7jfHBk8,,O0R0UCZhqRfl,CSE
NTB.X0000,BUY,5,404.00,"2,020.00",NEW,5,,,CAS/92390-LI/0,0,0,DAY,,5,0,2026-04-17 08:15:06.0,92390LI0-woi6rlA8H,2026-04-17 13:45:06,E0R0U7jfHBi8,,O0R0UCZhqRet,CSE
HASU.N0000,BUY,30,137.75,"4,132.50",EXPIRED,0,Expired (end of day),,CAS/92390-LI/0,0,0,DAY,,0,0,2026-04-16 09:19:48.0,92390LI0-wo021RI9R,2026-04-16 14:49:55,E0QzlAFjksZP,,O0QzlF5mK1qg,CSE
HASU.N0000,BUY,50,138.00,"6,900.00",EXPIRED,0,Expired (end of day),,CAS/92390-LI/0,0,0,DAY,,0,0,2026-04-16 09:19:48.0,92390LI0-wotMdyOeK,2026-04-16 14:49:55,E0QzlAFjksZO,,O0QzlF5mK1o0,CSE
HASU.N0000,BUY,30,137.75,"4,132.50",NEW,30,,,CAS/92390-LI/0,0,0,DAY,,30,0,2026-04-16 08:14:47.0,92390LI0-wo021RI9R,2026-04-16 13:44:47,E0QzlAFjklKU,,O0QzlF5mK1qg,CSE
HASU.N0000,BUY,50,138.00,"6,900.00",NEW,50,,,CAS/92390-LI/0,0,0,DAY,,50,0,2026-04-16 08:13:48.0,92390LI0-wotMdyOeK,2026-04-16 13:43:48,E0QzlAFjklDV,,O0QzlF5mK1o0,CSE
HNB.N0000,BUY,20,409.25,"8,185.00",EXPIRED,0,Expired (end of day),,CAS/92390-LI/0,0,0,DAY,,0,0,2026-04-10 09:18:26.0,92390LI0-wopGixKeZ,2026-04-10 14:48:30,E0QvP600JdBn,,O0QvPAq2spCB,CSE
HEXP.N0000,BUY,25,116.25,"2,906.25",EXPIRED,0,Expired (end of day),,CAS/92390-LI/0,0,0,DAY,,0,0,2026-04-10 09:18:26.0,92390LI0-wopvWjuYQ,2026-04-10 14:48:30,E0QvP600Jd8f,,O0QvPAq2sp9m,CSE
CHL.N0000,BUY,110,64.30,"7,073.00",FILLED,0,,JKB,CAS/92390-LI/0,110,110,DAY,,0,0,2026-04-10 08:39:47.0,92390LI0-woi2wkkXg,2026-04-10 14:09:47,E0QvP600JYZC,,O0QvPAq2spEs,CSE
CHL.N0000,BUY,110,64.30,"7,073.00",NEW,110,,,CAS/92390-LI/0,0,0,DAY,,110,0,2026-04-10 08:28:30.0,92390LI0-woi2wkkXg,2026-04-10 13:58:30,E0QvP600JXWr,,O0QvPAq2spEs,CSE
HNB.N0000,BUY,20,409.25,"8,185.00",NEW,20,,,CAS/92390-LI/0,0,0,DAY,,20,0,2026-04-10 08:27:23.0,92390LI0-wopGixKeZ,2026-04-10 13:57:23,E0QvP600JXQ2,,O0QvPAq2spCB,CSE
HEXP.N0000,BUY,25,116.25,"2,906.25",NEW,25,,,CAS/92390-LI/0,0,0,DAY,,25,0,2026-04-10 08:26:09.0,92390LI0-wopvWjuYQ,2026-04-10 13:56:09,E0QvP600JXJa,,O0QvPAq2sp9m,CSE
NTB.X0000,BUY,4,390.00,"1,560.00",EXPIRED,0,Expired (end of day),,CAS/92390-LI/0,0,0,DAY,,0,0,2026-04-02 09:18:20.0,92390LI0-woDjrq7OK,2026-04-02 14:48:27,E0QpbGSUyokf,,O0QpbLIXY7Jp,CSE
NTB.X0000,BUY,1,389.75,389.75,EXPIRED,0,Expired (end of day),,CAS/92390-LI/0,0,0,DAY,,0,0,2026-04-02 09:18:20.0,92390LI0-woEbrSeXL,2026-04-02 14:48:27,E0QpbGSUyokg,,O0QpbLIXY7MO,CSE
NTB.X0000,BUY,13,389.00,"5,057.00",EXPIRED,0,Expired (end of day),,CAS/92390-LI/0,0,0,DAY,,0,0,2026-04-02 09:18:20.0,92390LI0-woUagrANM,2026-04-02 14:48:27,E0QpbGSUyoki,,O0QpbLIXY7Hv,CSE
NTB.X0000,BUY,1,389.50,389.50,EXPIRED,0,Expired (end of day),,CAS/92390-LI/0,0,0,DAY,,0,0,2026-04-02 09:18:20.0,92390LI0-woziqyLLk,2026-04-02 14:48:27,E0QpbGSUyokh,,O0QpbLIXY7M4,CSE
HNB.N0000,BUY,10,398.75,"3,987.50",EXPIRED,0,Expired (end of day),,CAS/92390-LI/0,0,0,DAY,,0,0,2026-04-02 09:18:20.0,92390LI0-wobHY7AMh,2026-04-02 14:48:23,E0QpbGSUynoW,,O0QpbLIXY7Vh,CSE
ASIR.N0000,BUY,220,29.80,"6,556.00",EXPIRED,0,Expired (end of day),,CAS/92390-LI/0,0,0,DAY,,0,0,2026-04-02 09:18:20.0,92390LI0-woN6B6QPT,2026-04-02 14:48:21,E0QpbGSUymi8,,O0QpbLIXY7Z3,CSE
ASIR.N0000,BUY,220,29.80,"6,556.00",NEW,220,,,CAS/92390-LI/0,0,0,DAY,,220,0,2026-04-02 08:35:21.0,92390LI0-woN6B6QPT,2026-04-02 14:05:21,E0QpbGSUyk4m,,O0QpbLIXY7Z3,CSE
HNB.N0000,BUY,10,398.75,"3,987.50",NEW,10,,,CAS/92390-LI/0,0,0,DAY,,10,0,2026-04-02 08:32:57.0,92390LI0-wobHY7AMh,2026-04-02 14:02:57,E0QpbGSUyjx5,,O0QpbLIXY7Vh,CSE
NTB.X0000,BUY,1,389.75,389.75,NEW,1,,,CAS/92390-LI/0,0,0,DAY,,1,0,2026-04-02 08:26:40.0,92390LI0-woEbrSeXL,2026-04-02 13:56:40,E0QpbGSUyjd9,,O0QpbLIXY7MO,CSE
NTB.X0000,BUY,1,389.50,389.50,NEW,1,,,CAS/92390-LI/0,0,0,DAY,,1,0,2026-04-02 08:26:23.0,92390LI0-woziqyLLk,2026-04-02 13:56:23,E0QpbGSUyjcT,,O0QpbLIXY7M4,CSE
NTB.X0000,BUY,4,390.00,"1,560.00",NEW,4,,,CAS/92390-LI/0,0,0,DAY,,4,0,2026-04-02 08:25:02.0,92390LI0-woDjrq7OK,2026-04-02 13:55:02,E0QpbGSUyjWQ,,O0QpbLIXY7Jp,CSE
NTB.X0000,BUY,13,389.00,"5,057.00",NEW,13,,,CAS/92390-LI/0,0,0,DAY,,13,0,2026-04-02 08:23:46.0,92390LI0-woUagrANM,2026-04-02 13:53:46,E0QpbGSUyjRx,,O0QpbLIXY7Hv,CSE
SUN.N0000,BUY,300,29.70,"8,910.00",EXPIRED,0,Expired (end of day),,CAS/92390-LI/0,0,0,DAY,,0,0,2026-03-26 09:18:26.0,92390LI0-woBCVzrzx,2026-03-26 14:49:34,E0QkWOOvAk66,,O0QkWTExjvXf,CSE
CARG.N0000,BUY,8,699.00,"5,592.00",EXPIRED,0,Expired (end of day),,CAS/92390-LI/0,0,0,DAY,,0,0,2026-03-26 09:18:26.0,92390LI0-wonBQorbp,2026-03-26 14:48:50,E0QkWOOvAhSV,,O0QkWTExjvZU,CSE
ASIR.N0000,BUY,100,31.00,"3,100.00",EXPIRED,0,Expired (end of day),,CAS/92390-LI/0,0,0,DAY,,0,0,2026-03-26 09:18:26.0,92390LI0-wouSWZ1CU,2026-03-26 14:48:42,E0QkWOOvAhDc,,O0QkWTExjvUt,CSE
CARG.N0000,BUY,8,699.00,"5,592.00",NEW,8,,,CAS/92390-LI/0,0,0,DAY,,8,0,2026-03-26 08:48:13.0,92390LI0-wonBQorbp,2026-03-26 14:18:14,E0QkWOOvAfM4,,O0QkWTExjvZU,CSE
CARG.N0000,BUY,8,699.00,"5,592.00",P.CHANGE,8,,,CAS/92390-LI/0,0,0,DAY,2026-03-26,8,0,2026-03-26 13:21:58.0,92390LI0-wonBQorbp,2026-03-26 14:18:13,,,O0QkWTExjvZU,CSE
DIAL.N0000,BUY,330,30.20,"9,966.00",FILLED,0,,CTS,CAS/92390-LI/0,330,330,DAY,,0,0,2026-03-26 08:47:16.0,92390LI0-wosx72kRC,2026-03-26 14:17:16,E0QkWOOvAfGO,,O0QkWTExjvTv,CSE
DIAL.N0000,BUY,330,30.20,"9,966.00",NEW,330,,,CAS/92390-LI/0,0,0,DAY,,330,0,2026-03-26 08:40:03.0,92390LI0-wosx72kRC,2026-03-26 14:10:03,E0QkWOOvAekE,,O0QkWTExjvTv,CSE
DIAL.N0000,BUY,330,30.20,"9,966.00",P.CHANGE,330,,,CAS/92390-LI/0,0,0,DAY,2026-03-26,330,0,2026-03-26 13:18:34.0,92390LI0-wosx72kRC,2026-03-26 14:10:03,,,O0QkWTExjvTv,CSE
CARG.N0000,BUY,8,698.00,"5,584.00",NEW,8,,,CAS/92390-LI/0,0,0,DAY,,8,0,2026-03-26 07:51:58.0,92390LI0-woU6GZl0P,2026-03-26 13:21:58,E0QkWOOvAbxV,,O0QkWTExjvZU,CSE
SUN.N0000,BUY,300,29.70,"8,910.00",NEW,300,,,CAS/92390-LI/0,0,0,DAY,,300,0,2026-03-26 07:50:57.0,92390LI0-woBCVzrzx,2026-03-26 13:20:57,E0QkWOOvAbs3,,O0QkWTExjvXf,CSE
ASIR.N0000,BUY,100,31.00,"3,100.00",NEW,100,,,CAS/92390-LI/0,0,0,DAY,,100,0,2026-03-26 07:49:12.0,92390LI0-wouSWZ1CU,2026-03-26 13:19:12,E0QkWOOvAbmO,,O0QkWTExjvUt,CSE
DIAL.N0000,BUY,330,30.00,"9,900.00",NEW,330,,,CAS/92390-LI/0,0,0,DAY,,330,0,2026-03-26 07:48:34.0,92390LI0-woBwtXteD,2026-03-26 13:18:34,E0QkWOOvAbkG,,O0QkWTExjvTv,CSE
JKH.N0000,BUY,500,18.00,"9,000.00",EXPIRED,0,Expired (end of day),,CAS/92390-LI/0,0,0,DAY,,0,0,2026-03-23 09:18:23.0,92390LI0-wo1GadMN1,2026-03-23 14:49:16,E0QiLMH3S9mw,,O0QiLR761Mxr,CSE
ASIR.N0000,BUY,50,29.80,"1,490.00",EXPIRED,0,Expired (end of day),,CAS/92390-LI/0,0,0,DAY,,0,0,2026-03-23 09:18:23.0,92390LI0-wo8efgKGl,2026-03-23 14:48:39,E0QiLMH3S8H2,,O0QiLR761NOG,CSE
ASIR.N0000,BUY,50,29.80,"1,490.00",NEW,50,,,CAS/92390-LI/0,0,0,DAY,,50,0,2026-03-23 08:48:31.0,92390LI0-wo8efgKGl,2026-03-23 14:18:31,E0QiLMH3S6TB,,O0QiLR761NOG,CSE
JKH.N0000,BUY,500,18.00,"9,000.00",NEW,500,,,CAS/92390-LI/0,0,0,DAY,,500,0,2026-03-23 08:36:28.0,92390LI0-wo1GadMN1,2026-03-23 14:06:28,E0QiLMH3S5OM,,O0QiLR761Mxr,CSE
DFCC.N0000,BUY,100,142.75,"14,275.00",EXPIRED,0,Expired (end of day),,CAS/92390-LI/0,0,0,DAY,,0,0,2026-03-11 09:18:23.0,92390LI0-woPHB7x3q,2026-03-11 14:48:59,E0QZdX7ksSmd,,O0QZdbxnRheb,CSE
CHL.N0000,BUY,200,63.30,"12,660.00",EXPIRED,0,Expired (end of day),,CAS/92390-LI/0,0,48,DAY,,0,0,2026-03-11 09:18:23.0,92390LI0-woATCMUSt,2026-03-11 14:48:50,E0QZdX7ksSO8,,O0QZdbxnRhWy,CSE
NTB.N0000,BUY,50,311.00,"15,550.00",FILLED,0,,CAS,CAS/92390-LI/0,50,50,DAY,,0,0,2026-03-11 08:58:26.0,92390LI0-wotzbdVU1,2026-03-11 14:28:26,E0QZdX7ksRQX,,O0QZdbxnRhaX,CSE
DFCC.N0000,BUY,100,142.75,"14,275.00",NEW,100,,,CAS/92390-LI/0,0,0,DAY,,100,0,2026-03-11 08:31:23.0,92390LI0-woPHB7x3q,2026-03-11 14:01:23,E0QZdX7ksOgV,,O0QZdbxnRheb,CSE
CHL.N0000,BUY,200,63.30,"12,660.00",P.FILLED,152,,JBS,CAS/92390-LI/0,48,48,DAY,,152,0,2026-03-11 08:30:37.0,92390LI0-woATCMUSt,2026-03-11 14:00:37,E0QZdX7ksOc1,,O0QZdbxnRhWy,CSE
NTB.N0000,BUY,50,311.00,"15,550.00",NEW,50,,,CAS/92390-LI/0,0,0,DAY,,50,0,2026-03-11 08:29:20.0,92390LI0-wotzbdVU1,2026-03-11 13:59:20,E0QZdX7ksOUh,,O0QZdbxnRhaX,CSE
CHL.N0000,BUY,200,63.30,"12,660.00",NEW,200,,,CAS/92390-LI/0,0,0,DAY,,200,0,2026-03-11 08:27:29.0,92390LI0-woATCMUSt,2026-03-11 13:57:29,E0QZdX7ksOMd,,O0QZdbxnRhWy,CSE
PARQ.N0000,BUY,100,78.00,"7,800.00",EXPIRED,0,Expired (end of day),,CAS/92390-LI/0,0,0,DAY,,0,0,2026-03-09 09:18:21.0,92390LI0-woCfTaU18,2026-03-09 14:49:35,E0QYBc9tq2dj,,O0QYBgzwOwmC,CSE
LPL.N0000,BUY,500,10.00,"5,000.00",EXPIRED,0,Expired (end of day),,CAS/92390-LI/0,0,0,DAY,,0,0,2026-03-09 09:18:21.0,92390LI0-woDqhhqVQ,2026-03-09 14:49:33,E0QYBc9tq2Gr,,O0QYBgzwOwbd,CSE
HASU.N0000,BUY,100,118.00,"11,800.00",EXPIRED,0,Expired (end of day),,CAS/92390-LI/0,0,0,DAY,,0,0,2026-03-09 09:18:21.0,92390LI0-woZMXw8Ru,2026-03-09 14:49:29,E0QYBc9tq1Fr,,O0QYBgzwOwof,CSE
COCO.N0000,BUY,100,56.00,"5,600.00",EXPIRED,0,Expired (end of day),,CAS/92390-LI/0,0,0,DAY,,0,0,2026-03-09 09:18:21.0,92390LI0-wouAKRmYB,2026-03-09 14:49:16,E0QYBc9tq0bU,,O0QYBgzwOs5M,CSE
CHL.N0000,BUY,100,64.00,"6,400.00",EXPIRED,0,Expired (end of day),,CAS/92390-LI/0,0,0,DAY,,0,0,2026-03-09 09:18:21.0,92390LI0-woT7vEmWN,2026-03-09 14:49:14,E0QYBc9tq0Rh,,O0QYBgzwOs2E,CSE
CFI.N0000,BUY,20,390.00,"7,800.00",EXPIRED,0,Expired (end of day),,CAS/92390-LI/0,0,0,DAY,,0,0,2026-03-09 09:18:21.0,92390LI0-wouhl3Oua,2026-03-09 14:49:14,E0QYBc9tq0Oo,,O0QYBgzwOwim,CSE
HASU.N0000,BUY,100,118.00,"11,800.00",NEW,100,,,CAS/92390-LI/0,0,0,DAY,,100,0,2026-03-09 07:06:01.0,92390LI0-woZMXw8Ru,2026-03-09 12:36:01,E0QYBc9tpn8q,,O0QYBgzwOwof,CSE
PARQ.N0000,BUY,100,78.00,"7,800.00",NEW,100,,,CAS/92390-LI/0,0,0,DAY,,100,0,2026-03-09 07:05:13.0,92390LI0-woCfTaU18,2026-03-09 12:35:13,E0QYBc9tpn4B,,O0QYBgzwOwmC,CSE
CFI.N0000,BUY,20,390.00,"7,800.00",NEW,20,,,CAS/92390-LI/0,0,0,DAY,,20,0,2026-03-09 07:04:10.0,92390LI0-wouhl3Oua,2026-03-09 12:34:10,E0QYBc9tpmxo,,O0QYBgzwOwim,CSE
LPL.N0000,BUY,500,10.00,"5,000.00",NEW,500,,,CAS/92390-LI/0,0,0,DAY,,500,0,2026-03-09 07:01:55.0,92390LI0-woDqhhqVQ,2026-03-09 12:31:55,E0QYBc9tpmj0,,O0QYBgzwOwbd,CSE
ALUM.N0000,BUY,200,46.60,"9,320.00",REJECTED,0,Price exceeds current price band,,CAS/92390-LI/0,0,0,DAY,,0,0,2026-03-09 05:44:57.0,92390LI0-wo7nFO6r9,2026-03-09 11:14:57,E0QYBc9tpcG6,,O0QYBgzwOs8Y,CSE
COCO.N0000,BUY,100,56.00,"5,600.00",NEW,100,,,CAS/92390-LI/0,0,0,DAY,,100,0,2026-03-09 05:44:02.0,92390LI0-wouAKRmYB,2026-03-09 11:14:02,E0QYBc9tpc5f,,O0QYBgzwOs5M,CSE
CHL.N0000,BUY,100,64.00,"6,400.00",NEW,100,,,CAS/92390-LI/0,0,0,DAY,,100,0,2026-03-09 05:43:18.0,92390LI0-woT7vEmWN,2026-03-09 11:13:18,E0QYBc9tpbzJ,,O0QYBgzwOs2E,CSE
